cycle,reset,start,input_valid,input_last,busy,output_valid,input,weight,accumulator,output,relu,accumulator_saturated,output_saturated
0,1,0,0,0,0,0,0,0,0,0,0,0,0
1,1,0,0,0,0,0,0,0,0,0,0,0,0
2,0,0,0,0,0,0,0,0,0,0,0,0,0
3,0,1,0,0,1,0,0,0,0,0,0,0,0
4,0,0,1,0,1,0,64,32,2048,0,0,0,0
5,0,0,0,1,1,0,2047,2047,2048,0,0,0,0
6,0,0,1,0,1,0,32,-64,0,0,0,0,0
7,0,0,1,1,1,0,-64,16,-1024,0,0,0,0
8,0,0,0,0,0,1,-64,16,-1024,-8,0,0,0
9,0,0,0,0,0,0,-64,16,-1024,-8,0,0,0
10,0,1,0,0,1,0,-64,16,0,-8,1,0,0
11,0,0,1,0,1,0,64,32,2048,-8,1,0,0
12,0,0,0,1,1,0,2047,2047,2048,-8,1,0,0
13,0,0,1,0,1,0,32,-64,0,-8,1,0,0
14,0,0,1,1,1,0,-64,16,-1024,-8,1,0,0
15,0,0,0,0,0,1,-64,16,-1024,0,1,0,0
16,0,0,0,0,0,0,-64,16,-1024,0,1,0,0
